{"cameraMode":{"drawMode":0,"name":"Shaded","section":"Shading Mode"},"sceneLighting":true,"audioPlay":false,"sceneViewState":{"m_AlwaysRefresh":false,"showFog":true,"showSkybox":true,"showFlares":true,"showImageEffects":true,"showParticleSystems":true,"showVisualEffectGraphs":true,"m_FxEnabled":false},"in2DMode":false,"pivot":{"x":542.3897094726563,"y":18.154056549072267,"z":435.90850830078127},"rotation":{"x":0.05472113937139511,"y":-0.7409988045692444,"z":0.06082189828157425,"w":0.6665743589401245},"size":0.8660253882408142,"orthographic":false}