{"cameraMode":{"drawMode":0,"name":"Shaded","section":"Shading Mode"},"sceneLighting":true,"audioPlay":false,"sceneViewState":{"m_AlwaysRefresh":false,"showFog":true,"showSkybox":true,"showFlares":true,"showImageEffects":true,"showParticleSystems":true,"showVisualEffectGraphs":true,"m_FxEnabled":false},"in2DMode":false,"pivot":{"x":492.6721496582031,"y":16.96953010559082,"z":404.4162902832031},"rotation":{"x":0.20876215398311616,"y":-0.13594666123390199,"z":0.029382901266217233,"w":0.9680759310722351},"size":1.7660253047943116,"orthographic":false}